filename,zero_crossing,mean_sprectral_roll_off,mfcc_1,mfcc_2,mfcc_3,mfcc_4,mfcc_5,mfcc_6,mfcc_7,mfcc_8,mfcc_9,mfcc_10,chroma_1,chroma_2,chroma_3,chroma_4,chroma_5,chroma_6,chroma_7,chroma_8,chroma_9,chroma_10,chroma_11,chroma_12,spectral_contrast_1,spectral_contrast_2,spectral_contrast_3,spectral_contrast_4,spectral_contrast_5,spectral_contrast_6,spectral_contrast_7,mfcc_11,mfcc_12,mfcc_13,mfcc_14,mfcc_15,mfcc_16,mfcc_17,mfcc_18,mfcc_19,mfcc_20
0.wav,1897.511310818829,,9.053869653996573e-09,1.9616718915926867e-08,-5.0928017358842226e-09,6.790402462542033e-09,0.0,-8.676625640191561e-09,3.206579002323906e-09,7.54489193344198e-10,9.053869653996573e-09,2.263467413499143e-09,0.6430632472038269,0.4703204333782196,0.3727442324161529,0.247622013092041,0.1554701775312423,0.1110123246908187,0.1601944416761398,0.2413654625415802,0.3217790424823761,0.3352875709533691,0.3966492116451263,0.5717417597770691,21.241322964713728,16.70753347728029,21.359123630695898,20.27254450537462,22.409120042561646,24.7471574767578,57.4772832239866,-1.0562848373751876e-08,1.5089783644839372e-08,-6.035913546753591e-09,-5.281424186875938e-09,1.5467028546822803e-08,1.5089783644839372e-08,-2.263467413499143e-09,-1.0940093275735308e-08,0.0,-1.0185603471768444e-08
1.wav,3250.2523126961296,,1.1970807456407329e-08,-3.9902690041060396e-09,0.0,-7.980538008212079e-09,-5.985403728203664e-09,7.980538008212079e-09,1.1970807456407329e-08,-3.9902690041060396e-09,-7.980538008212079e-09,5.985403728203664e-09,0.3960444033145904,0.4181150794029236,0.40657839179039,0.3689598143100738,0.4241445064544678,0.5609095096588135,0.510478138923645,0.3965935707092285,0.3485226035118103,0.2963349521160126,0.2986585795879364,0.3528502583503723,20.048146195893587,13.940146792951756,18.34955482400727,16.01498249357471,24.645488063870275,27.49835945456173,65.77715242948959,0.0,-3.9902690041060396e-09,6.982971090252477e-09,1.5961076016424158e-08,-1.1970807456407329e-08,-9.975672732309704e-09,0.0,9.975672732309704e-09,-1.1970807456407329e-08,7.980538008212079e-09
10.wav,2314.879484549581,,-1.0655578641660668e-08,0.0,-2.1311157283321336e-08,9.323631644519992e-09,6.65973665103791e-10,0.0,1.0655578641660668e-08,-5.327789320830334e-09,7.991684647379316e-09,5.327789320830334e-09,0.4356776773929596,0.3980356454849243,0.3332366645336151,0.3033752143383026,0.4198740422725677,0.4815626144409179,0.4831002950668335,0.4634181559085846,0.5298109650611877,0.55982905626297,0.5569953918457031,0.5527621507644653,21.195388435892845,13.463857039412504,20.117157845947123,17.903757996222694,21.46626407050242,22.6252876773619,56.62358350016491,7.991684647379316e-09,2.663894660415167e-09,5.327789320830334e-09,0.0,1.0655578641660668e-08,1.0655578641660668e-08,-1.0655578641660668e-08,-1.0655578641660668e-08,1.0655578641660668e-08,-5.327789320830334e-09
11.wav,3729.394394858589,,0.0,-2.663894660415167e-09,5.327789320830334e-09,5.327789320830334e-09,5.327789320830334e-09,0.0,0.0,-5.327789320830334e-09,0.0,0.0,0.4564338624477386,0.4226177036762237,0.3339839577674866,0.2486240416765213,0.2521656155586242,0.3041811883449554,0.3028292655944824,0.236302763223648,0.2871952950954437,0.4496817588806152,0.5572322010993958,0.5220600962638855,21.782053654675725,17.007703594340352,19.752723099302628,18.62886223682945,18.05582488358741,17.922285890588284,65.87865227541259,-2.1311157283321336e-08,-4.661815822259996e-09,-1.0655578641660668e-08,-2.663894660415167e-09,-6.659736762060221e-09,-1.0655578641660668e-08,5.327789320830334e-09,-1.0655578641660668e-08,-2.663894660415167e-09,-1.0655578641660668e-08
12.wav,2309.307861328125,,-1.1353265882974029e-08,0.0,1.1353265882974029e-08,0.0,1.1353265882974029e-08,-1.1353265882974029e-08,0.0,1.1353265882974029e-08,0.0,0.0,0.3325660228729248,0.3482294976711273,0.384840190410614,0.3775368928909302,0.3191213607788086,0.3984131217002868,0.4175706207752228,0.503401517868042,0.4255508780479431,0.3310232758522033,0.3472847044467926,0.3288091123104095,24.65776338743205,16.390889643446137,18.161563565382224,16.378199820882557,18.81359677430789,22.24708358919807,53.58197134351602,5.676632941487014e-09,-1.1353265882974029e-08,1.1353265882974029e-08,8.514949634275126e-09,-8.514949634275126e-09,0.0,-5.676632941487014e-09,0.0,1.1353265882974029e-08,5.676632941487014e-09
13.wav,4347.112669427711,,8.617538682642591e-09,5.745025788428393e-09,2.603214976915069e-09,1.0771923797392446e-08,7.181282679624701e-09,-1.1130987687124616e-08,-5.745025788428393e-09,-3.0408242590596046e-09,5.745025788428393e-09,-5.38596167665161e-10,0.1922176033258438,0.1751254051923751,0.1992995291948318,0.2554222047328949,0.3641583323478699,0.7081782221794128,0.7829099893569946,0.5417320728302002,0.4114217162132263,0.2781091928482055,0.205828309059143,0.1906085461378097,19.658929258269804,12.022662468042984,15.64609287979856,14.313804724139276,23.496157047457253,28.11916160940545,64.7308753889559,3.5906411177677435e-10,5.745025788428393e-09,4.1292373964552115e-09,-5.026897564874844e-09,-1.1849116354767377e-08,-1.436256447107098e-09,3.41110917290166e-09,-7.181282679624701e-09,-7.18128223553549e-10,-1.2926308912142304e-08
14.wav,4819.380519701087,,-1.0366025371411073e-08,6.046847911278519e-09,1.3821367161881426e-08,1.2957531048130022e-08,-1.4685202387454412e-08,6.478765524065011e-09,-1.4685202387454412e-08,-1.3821367161881426e-08,8.63835447617589e-10,7.774518806513697e-09,0.4057952165603637,0.348319262266159,0.443975418806076,0.4755398333072662,0.4427404105663299,0.5369985103607178,0.6313954591751099,0.6163400411605835,0.6106308698654175,0.5672152042388916,0.5921377539634705,0.5608500838279724,16.00190216566854,14.4233619855395,17.204161987228545,14.506658564667644,16.836866566052695,18.384213871491283,59.064765658852046,3.455341790470356e-09,-1.2957531048130022e-08,7.342601193727205e-09,1.2957531048130022e-08,-2.7210816710976363e-08,3.8872594032568494e-09,-5.183012685705535e-09,1.5549037613027394e-08,-7.774518806513697e-09,-1.4037325968274672e-08
15.wav,2877.40220858564,,1.154968920502597e-08,0.0,6.599822466313299e-09,-1.3199644932626596e-08,1.3199644932626596e-08,1.9799466954850693e-08,-4.9498667387126716e-09,9.899733477425345e-09,1.3199644932626596e-08,0.0,0.4612352252006531,0.4071882665157318,0.3822400867938995,0.3021798431873321,0.2983660697937011,0.4522191882133484,0.4590670466423034,0.493693470954895,0.4750581681728363,0.4823966920375824,0.425942599773407,0.4310294091701507,20.3605739803437,14.05990453254768,20.797044108503428,18.59550002044661,21.449795843838697,22.83229286023684,61.45959719760432,0.0,3.299911233156649e-09,-6.599822466313299e-09,6.599822466313299e-09,-1.3199644932626596e-08,1.2374666846781679e-09,3.299911233156649e-09,2.6399289865253195e-08,-1.3199644932626596e-08,0.0
16.wav,1619.2652085248162,,1.40246223523377e-08,-7.0123111761688506e-09,1.40246223523377e-08,0.0,7.0123111761688506e-09,0.0,0.0,-7.0123111761688506e-09,-7.0123111761688506e-09,7.0123111761688506e-09,0.4387964010238647,0.299637496471405,0.1891426891088485,0.2296837717294693,0.2875015437602997,0.3380351960659027,0.3497216701507568,0.3693045079708099,0.380110502243042,0.4070903360843658,0.4806359708309173,0.4592689573764801,20.14024214924396,17.06148045365006,22.672065769386304,19.36174399595381,23.1282487628724,25.08938852752267,48.91962136672746,3.506155588084425e-09,1.40246223523377e-08,-1.051846698629788e-08,-7.0123111761688506e-09,-1.051846698629788e-08,7.0123111761688506e-09,7.0123111761688506e-09,7.0123111761688506e-09,0.0,-1.40246223523377e-08
17.wav,1996.845703125,,7.064254070598963e-09,-1.4128508141197926e-08,-1.1479412975745618e-08,1.76606351764974e-09,1.4128508141197926e-08,0.0,-2.8257016282395853e-08,7.064254070598963e-09,0.0,-7.064254070598963e-09,0.4864933788776397,0.4439482390880584,0.3185223340988159,0.2628422379493713,0.2175446301698684,0.1555970311164856,0.1550909429788589,0.1829964816570282,0.3001463413238525,0.3582947552204132,0.4336766302585602,0.5371072888374329,21.2388795573966,19.960233363850648,22.248039853836865,20.255067695772144,22.75905814058655,28.156172748777344,50.81468642568952,-1.4128508141197926e-08,1.4128508141197926e-08,0.0,1.4128508141197926e-08,-2.8257016282395853e-08,-7.064254070598963e-09,-7.064254070598963e-09,-2.1192763099975312e-08,7.064254070598963e-09,7.064254070598963e-09
18.wav,3561.7353515625,,-3.973643192267673e-09,8.145968344308585e-09,-8.344650304081824e-09,2.38418573772492e-09,7.94728616249074e-10,-2.781550101360608e-09,0.0,-9.884437268681268e-09,-7.947286384535346e-09,-4.5696895156766e-09,0.6337534785270691,0.4924677908420563,0.3112089037895202,0.250272661447525,0.2906271517276764,0.3023332059383392,0.3154215514659881,0.3235213756561279,0.3468760251998901,0.4839547276496887,0.6201205253601074,0.6176704168319702,23.795657768053253,15.532706600538358,15.364919104162688,15.86192061585697,17.772092715753118,16.92283724821636,66.09876980353998,1.589457232498148e-09,6.357828929992593e-09,9.536742950899681e-09,-3.067155640579244e-09,1.2715657859985184e-08,-3.5762786065873797e-09,-1.5099843153620895e-08,5.165735839085528e-09,-9.536742950899681e-09,3.9736430812453705e-10
19.wav,3193.960095326835,,5.832870630939624e-09,2.3331482523758496e-08,0.0,-2.187326320068905e-09,0.0,-4.3746526401378105e-09,-5.832870630939624e-09,2.916435315469812e-09,-5.832870630939624e-09,-1.1665741261879248e-08,0.3082814514636993,0.3368931710720062,0.3678399324417114,0.3513160347938537,0.4271761476993561,0.5839447975158691,0.5247194170951843,0.4340530633926391,0.4308041334152221,0.3608752191066742,0.3428666293621063,0.3484784066677093,22.22278646652024,12.417075731896135,17.42673641736698,17.12954210722935,25.671039595361552,27.012995623427724,61.7526699924951,5.103761413494112e-09,-5.832870630939624e-09,-5.832870630939624e-09,2.916435315469812e-09,5.832870630939624e-09,0.0,-1.1665741261879248e-08,0.0,0.0,0.0
2.wav,2359.8601333049787,,1.6395546253988872e-08,1.0930365057504332e-08,-1.0930365057504332e-08,2.732591264376083e-09,5.465182528752166e-09,0.0,1.0930365057504332e-08,0.0,-2.1860730115008664e-08,5.465182528752166e-09,0.3428282737731933,0.3933880627155304,0.3203300237655639,0.2455959767103195,0.2559956610202789,0.3188988864421844,0.4060557782649994,0.2973319888114929,0.2360506504774093,0.2469384670257568,0.2417573630809784,0.2874227464199066,23.235798992296445,19.23824060427657,20.95746812947004,18.823109977888063,23.37427550306389,22.105904436959968,58.97096999934997,-6.831478160940208e-10,2.732591264376083e-09,-1.0930365057504332e-08,-5.465182528752166e-09,5.465182528752166e-09,5.465182528752166e-09,0.0,0.0,-5.465182528752166e-09,-8.197773126994434e-09
20.wav,4466.671475497159,,-2.3480618338567183e-08,-1.0046995235768465e-08,-5.418604231977042e-09,-1.3546510579942606e-09,-8.127906347965563e-09,-7.224805642636056e-09,-1.4449611285272113e-08,3.1608524686532742e-09,-1.1740309169283591e-08,1.1204092764671714e-08,0.42608842253685,0.5236427187919617,0.4686691462993622,0.439471036195755,0.4476179778575897,0.4585759341716766,0.3592226505279541,0.2988275289535522,0.4311732053756714,0.5774605870246887,0.6472257375717163,0.3993822336196899,23.227599918100243,15.244346955024785,15.921443400569578,14.217017867703593,18.07563596038712,18.496573081273908,66.9433124109966,2.709302115988521e-09,3.612402821318028e-09,2.4835269396561444e-09,4.515503526647535e-09,9.708331916158386e-09,7.6763555512116e-09,-2.709302115988521e-09,0.0,5.418604231977042e-09,2.709302115988521e-09
21.wav,1936.89453125,,3.0275375539901006e-09,0.0,0.0,0.0,1.2110150215960402e-08,6.055075107980201e-09,6.055075107980201e-09,-6.055075107980201e-09,0.0,0.0,0.5027443170547485,0.4493253529071808,0.3309515714645386,0.2668421864509582,0.2631309330463409,0.2460853159427642,0.2238464802503585,0.299575537443161,0.3748726546764374,0.4079445898532867,0.366848886013031,0.4112085103988647,20.765111749282863,17.243967667821433,18.063360403073805,16.858083425850293,21.03152069693972,26.654024839441504,57.53216602690504,-1.2110150215960402e-08,6.055075107980201e-09,1.2110150215960402e-08,0.0,1.2110150215960402e-08,6.055075107980201e-09,-1.967899443400256e-08,6.055075107980201e-09,0.0,-6.055075107980201e-09
22.wav,3594.659121673886,,-2.360579953730735e-09,-1.180289999069828e-08,-1.180289976865367e-09,1.2061088128234589e-08,5.901449884326835e-10,1.4753624988372849e-08,8.262030171124481e-09,-4.7211599074614705e-09,1.180289976865367e-09,8.262030171124481e-09,0.3302649557590484,0.3961868286132812,0.3551928102970123,0.2968544065952301,0.2695774734020233,0.2692065238952636,0.3789418041706085,0.4603497087955475,0.3533864021301269,0.2736855745315552,0.2674566507339477,0.3261758685111999,14.542306963106386,15.352677935474428,20.79697697384247,18.75285576546496,21.8218874557422,19.51619968334619,66.41059206846856,1.1065218963324241e-08,-4.370761530481104e-09,-1.6819132753198573e-08,-1.062261034689982e-08,-3.5408700416184047e-09,9.147247403973324e-09,3.5408700416184047e-09,1.2097972401647894e-08,3.8359426746126254e-09,7.081740083236809e-09
23.wav,3649.5612649356617,,-1.40246223523377e-08,3.0678861673294477e-09,4.588133428740093e-09,6.574041755413873e-09,5.25923349314894e-09,2.1913473258194927e-09,-1.1395005827807836e-08,6.1357723346588955e-09,-1.753077794042212e-09,-7.888850461768016e-09,0.3224841654300689,0.2999175488948822,0.4206471145153045,0.4989881515502929,0.6747346520423889,0.3490011096000671,0.2189454585313797,0.1603472977876663,0.1979480981826782,0.2676157057285309,0.4562436938285827,0.5615266561508179,24.17588760466265,17.369688660900877,19.5601420768642,20.212595274736213,18.690457109817444,18.35294729233513,64.99501457665804,-1.314808373287235e-09,3.506155588084425e-09,-7.2314456645017344e-09,-8.76538897021106e-10,8.76538897021106e-10,3.506155588084425e-09,7.888850461768016e-09,-5.25923349314894e-09,0.0,-4.3826944851055316e-10
24.wav,3474.920654296875,,6.8774590467057806e-09,-4.58497284583359e-09,9.16994569166718e-09,9.16994569166718e-09,-4.58497284583359e-09,0.0,4.58497284583359e-09,-9.16994569166718e-09,4.58497284583359e-09,-4.58497284583359e-09,0.4092537462711334,0.3689396679401397,0.3480815589427948,0.2915436923503876,0.2289607673883438,0.3702856302261352,0.374932587146759,0.47563636302948,0.4292678534984588,0.2986978888511657,0.3686659932136535,0.4535927772521972,21.14302743224276,16.454006667607285,16.818652712953586,17.900204482856303,22.45424783933856,22.779550955768745,58.13901547972307,0.0,0.0,9.16994569166718e-09,-1.4901161193847656e-08,0.0,4.58497284583359e-09,-9.16994569166718e-09,4.58497284583359e-09,-9.16994569166718e-09,6.8774590467057806e-09
25.wav,2364.87427763334,,-9.426764258080313e-09,-9.426764258080313e-09,0.0,-1.2569018714714277e-08,0.0,6.284509357357137e-09,6.284509357357137e-09,0.0,-9.426764258080313e-09,1.2569018714714277e-08,0.4735279381275177,0.4575295448303222,0.3780648112297058,0.2854403853416443,0.2384066432714462,0.3489376008510589,0.2684357464313507,0.3088113963603973,0.333324670791626,0.3477796912193298,0.3611030280590057,0.4027751386165619,20.22780238795428,18.739129167388366,19.42172775584558,16.3828222791177,21.812217416013,26.35528089390112,54.66429666221583,6.284509357357137e-09,3.142254678678568e-09,6.284509357357137e-09,-3.142254678678568e-09,9.426764258080313e-09,-3.142254678678568e-09,0.0,-1.2569018714714277e-08,-6.284509357357137e-09,6.284509357357137e-09
26.wav,3868.0859709439214,,2.612806326851569e-08,6.532015817128922e-09,-1.3064031634257844e-08,0.0,1.3064031634257844e-08,1.9596047451386773e-08,-9.798023725693385e-09,1.1431027679975614e-08,1.9596047451386773e-08,0.0,0.4050501585006714,0.4785980880260467,0.4525964260101318,0.3779920637607574,0.2423448115587234,0.2749291360378265,0.3633156716823578,0.3084566593170166,0.2330607771873474,0.2932479977607727,0.4433094263076782,0.4776906967163086,19.91918251566084,15.097743523960812,18.580392070623475,16.426889217560273,16.886951752361767,19.83318535742628,65.3152216625099,9.798023725693385e-09,6.532015817128922e-09,0.0,0.0,-1.9596047451386773e-08,2.041254942852788e-09,-1.6330039542822306e-09,0.0,6.532015817128922e-09,0.0
27.wav,3854.6908674568967,,-1.3702217138700234e-08,-5.480886855480094e-09,1.0961773710960188e-08,6.851108569350117e-09,-1.1389968079811297e-08,-1.0276662854025176e-09,9.934107758624576e-09,-2.740443427740047e-09,-1.2331995868919421e-08,1.5072439296659468e-08,0.4767496883869171,0.5137850642204285,0.4736054837703705,0.5114461779594421,0.5769973397254944,0.4545653462409973,0.4240294396877289,0.4065829813480377,0.3804433941841125,0.3381613790988922,0.4131660759449005,0.4866792857646942,20.20629733689772,13.281386542966072,16.763815428352043,15.162895875867608,17.592448885030226,18.90414128197117,64.8640663644136,1.7984159716988302e-09,6.851108569350117e-09,8.906440918110547e-09,-2.740443427740047e-09,-1.2674551186364624e-08,-3.0829989672298552e-09,2.740443427740047e-09,-6.1659979344597105e-09,-1.070485700083168e-09,-1.370221713870023e-09
28.wav,4988.8916015625,,2.432842594046747e-09,-1.2164213636367547e-08,1.4597056008369693e-08,0.0,7.298528004184844e-09,0.0,4.865685188093494e-09,-7.298528004184844e-09,-1.0947792006277268e-08,-4.865685188093494e-09,0.6504272818565369,0.6190444827079773,0.5729613304138184,0.504814863204956,0.5023187398910522,0.5478777885437012,0.5701717734336853,0.5323200225830078,0.5537723898887634,0.5650217533111572,0.6012534499168396,0.6743245720863342,19.69348686339644,11.965422995567945,13.125010321885505,13.176678444584285,14.95981003991436,14.940141714825783,68.84188477127697,-1.2164213636367547e-08,1.216421297023373e-09,9.731370376186987e-09,-4.865685188093494e-09,-9.731370376186987e-09,0.0,1.520526637932562e-08,1.946274075237397e-08,9.731370376186987e-09,-2.432842594046747e-09
29.wav,2259.565734863281,,-1.3245476715439965e-08,1.9868215517249155e-08,-6.6227383577199825e-09,0.0,0.0,6.6227383577199825e-09,1.3245476715439965e-08,9.934107758624576e-09,0.0,-1.3245476715439965e-08,0.239143505692482,0.3356263935565948,0.2974632084369659,0.2837240397930145,0.208788201212883,0.2415228933095932,0.3343914747238159,0.2759317457675934,0.3276314437389374,0.3118292093276977,0.2610694169998169,0.2218916416168213,24.974631891686737,19.283505169760016,21.885648273150498,17.837433574812266,17.527817504192612,17.438831728857625,61.453822779305405,3.311369178859991e-09,1.3245476715439965e-08,0.0,6.6227383577199825e-09,6.6227383577199825e-09,1.3245476715439965e-08,0.0,-1.3245476715439965e-08,4.967053879312289e-09,0.0
3.wav,2517.279296875,,6.357828929992593e-09,0.0,-2.119276309997531e-09,-2.119276309997531e-09,0.0,0.0,4.238552619995062e-09,0.0,8.477105239990124e-09,0.0,0.3979873955249786,0.3250501155853271,0.2774298787117004,0.3113550841808319,0.3729724884033203,0.5044001340866089,0.4455913305282593,0.4069686830043793,0.3848890960216522,0.3715023696422577,0.3742156624794006,0.3893652558326721,21.251106059740536,14.622807083021172,18.308028152544907,17.205259793414307,20.81124237729423,25.503335519333408,61.94103771496892,-8.477105239990124e-09,8.477105239990124e-09,-8.477105239990124e-09,8.477105239990124e-09,8.477105239990124e-09,0.0,-8.477105239990124e-09,0.0,0.0,0.0
30.wav,3730.089111328125,,-7.947286384535346e-09,-5.9604645663569045e-09,5.9604645663569045e-09,6.2088170160734535e-09,1.5894572769070692e-08,6.95387525340152e-09,-1.0430812658057675e-08,-1.080334222081092e-08,1.7384687467369986e-08,-1.986821596133836e-09,0.5119177103042603,0.5257299542427063,0.3235575258731842,0.358191579580307,0.4010491371154785,0.5072775483131409,0.5322768092155457,0.3090510666370392,0.2981099486351013,0.2428878247737884,0.2796402871608734,0.3449697494506836,17.98163449899571,16.98713892226112,19.628845828089297,18.82157630258473,18.508901004137567,19.174994005847616,65.05380072866042,8.940697071579962e-09,-6.95387525340152e-09,-1.390775050680304e-08,-8.443991283968444e-09,-5.013619741589537e-09,1.986821596133836e-09,-6.2088170160734535e-09,-1.4466544406843695e-08,8.692343733684993e-09,-1.390775050680304e-08
31.wav,3894.8821005843897,,3.02273961416688e-09,1.5113698070834403e-09,0.0,-1.2090958456667522e-08,6.045479228333761e-09,1.2090958456667522e-08,-9.068218176366828e-09,-6.045479228333761e-09,0.0,-6.045479228333761e-09,0.3500404059886932,0.296441912651062,0.282897412776947,0.2563707232475281,0.2692315578460693,0.3422533869743347,0.2894423604011535,0.2824279367923736,0.293123185634613,0.3290853202342987,0.3462897837162018,0.3564313650131225,18.568424067940303,21.40709959725636,22.72848893284073,20.815131521207267,21.71603725840227,23.96312385313981,62.698300454051946,-3.02273961416688e-09,-6.045479228333761e-09,-6.045479228333761e-09,-1.2090958456667522e-08,9.068218176366828e-09,-7.556848480305689e-09,3.02273961416688e-09,1.2090958456667522e-08,0.0,-6.045479228333761e-09
32.wav,2409.1101020443284,,-6.301812849329735e-09,6.301812849329735e-09,-1.68048330806414e-08,8.4024165403207e-09,-7.87726606166216e-10,-8.4024165403207e-09,8.4024165403207e-09,0.0,-8.4024165403207e-09,-1.260362569865947e-08,0.3524280488491058,0.3499605059623718,0.3390450775623321,0.3257053792476654,0.3245849907398224,0.4191150069236755,0.3642714321613312,0.3900943398475647,0.4195201396942138,0.4348117709159851,0.4505096077919006,0.4025598168373108,23.1733648327769,15.414343589721524,18.426024839052,17.567971456713234,23.066425488700823,21.316155480271444,54.29784462646087,4.20120827016035e-09,0.0,0.0,0.0,-3.938632975319933e-09,4.20120827016035e-09,1.68048330806414e-08,0.0,6.301812849329735e-09,-8.4024165403207e-09
33.wav,1947.1454423727448,,9.831693681405795e-09,-8.602731860207768e-09,9.831693681405795e-09,-7.988250949608755e-09,0.0,9.831693681405795e-09,0.0,-9.831693681405795e-09,-6.1448086619009246e-09,4.915846840702898e-09,0.1488334238529205,0.2234260141849517,0.235243022441864,0.2082217335700988,0.2097847163677215,0.3324155211448669,0.530775249004364,0.483729213476181,0.3940137028694153,0.2561790943145752,0.1584564447402954,0.1234337538480758,27.266349859770976,19.37104778901217,23.112750168682524,17.214363694916518,18.348911633842683,18.32306455302149,60.37702854996315,0.0,-4.915846840702898e-09,0.0,-9.831693681405795e-09,0.0,4.915846840702898e-09,0.0,9.831693681405795e-09,-9.831693681405795e-09,0.0
34.wav,2578.172315749447,,-8.439595688969348e-09,8.439595688969348e-09,2.109898922242337e-09,0.0,8.439595688969348e-09,1.2659393533454022e-08,-4.219797844484674e-09,0.0,-2.5318787066908044e-08,0.0,0.4846493601799011,0.3798154592514038,0.2521235942840576,0.2170983850955963,0.2022708058357238,0.298752099275589,0.3367727100849151,0.3809177577495575,0.4291576147079468,0.4764644801616668,0.4923734664916992,0.5022023916244507,20.29518736608506,15.943512021129386,20.244716740364392,17.373787950454844,21.83158759437822,24.220996678718283,59.68029065696657,-1.6879191377938696e-08,-1.0022019658606496e-08,-4.219797844484674e-09,-6.329696766727011e-09,1.6879191377938696e-08,0.0,0.0,-4.219797844484674e-09,8.439595688969348e-09,0.0
35.wav,2598.79921875,,0.0,1.1444091896350985e-08,7.629394893626795e-09,-7.629394893626795e-09,-7.629394893626795e-09,7.629394893626795e-09,-7.629394893626795e-09,-6.675720420901143e-09,3.8146974468133984e-09,3.8146974468133984e-09,0.4443978667259216,0.4022413194179535,0.4001368880271911,0.3580816686153412,0.3139322698116302,0.3942111134529114,0.295885294675827,0.2717962861061096,0.2759479582309723,0.3009713888168335,0.3303632736206054,0.4208205342292785,21.52575645204387,16.43915691498871,20.500767023798645,17.727452392227132,21.44643194702,24.95685912682637,56.64833916108353,0.0,-2.861022974087745e-09,1.2397766369076637e-08,-3.8146974468133984e-09,0.0,-4.7683714754498405e-09,-1.525878978725359e-08,-1.525878978725359e-08,7.629394893626795e-09,0.0
36.wav,4219.73876953125,,1.4191582353717536e-09,7.450580596923828e-09,-1.56107411442008e-08,5.676632941487014e-09,9.934107758624576e-09,3.1931060018308703e-09,-1.7029899268550253e-08,-9.224528696449852e-09,-9.934107758624576e-09,1.1530660870562315e-09,0.4887577593326568,0.4897634983062744,0.4639710783958435,0.3820142149925232,0.3278066515922546,0.3675945103168487,0.442941665649414,0.4347387850284576,0.4559759497642517,0.557978630065918,0.5657128095626831,0.521147608757019,19.335363239578697,14.683459272239816,15.361720386071443,15.7599374968511,16.400999411665357,16.17203963590719,64.38744040918273,4.967053879312289e-09,1.7739477664591163e-09,0.0,1.1353265882974029e-08,5.676632941487014e-09,2.4657873964883947e-08,1.1353265882974029e-08,7.095791176858768e-10,-5.676632941487014e-09,4.257474817137563e-09
37.wav,2695.8419683325383,,0.0,-2.9119826550072503e-08,-7.279956637518126e-09,2.9119826550072503e-08,5.459967589160897e-09,-1.4559913275036251e-08,-3.639978318759063e-09,-1.8199891593795314e-09,0.0,-1.4559913275036251e-08,0.4328596591949463,0.2855190932750702,0.1938988417387008,0.1592446863651275,0.1648793667554855,0.2020110785961151,0.2511627674102783,0.3554001748561859,0.3908086121082306,0.3458436131477356,0.4362935423851013,0.5587010383605957,22.910800278204647,18.23266521255791,19.86572741729536,17.300445548999065,18.319635554068032,18.19456603050089,63.98859632190781,-1.4559913275036251e-08,0.0,-3.639978318759063e-09,-7.279956637518126e-09,-1.4559913275036251e-08,0.0,0.0,1.4559913275036251e-08,1.4559913275036251e-08,-1.0919935178321794e-08
38.wav,2091.167658025568,,1.806201410659014e-09,-1.9868215517249155e-08,-5.418604231977042e-09,-1.806201410659014e-09,-9.03100705329507e-10,1.1062983418241856e-08,-5.418604231977042e-09,-2.709302115988521e-09,-9.03100705329507e-09,3.612402821318028e-09,0.3948408663272857,0.43089759349823,0.4224236011505127,0.2649509906768799,0.2438001930713653,0.2984134554862976,0.3696783781051636,0.4058074951171875,0.3167934119701385,0.3512939214706421,0.4668712317943573,0.4049976170063019,23.04918237429205,15.802798976797169,19.50606063936825,17.189493200516473,20.185528543859267,17.98773059997026,56.75625580318689,-1.806201410659014e-09,4.967053879312289e-09,1.806201410659014e-09,1.2417634698280722e-09,1.26434098746131e-08,-9.122728350519084e-09,-1.3461844083906271e-08,7.224805642636056e-09,-5.870154584641796e-09,1.0893652202526027e-08
39.wav,3807.866104789402,,9.070271644873172e-09,9.070271644873172e-09,1.3119501041103376e-08,-6.47876585713191e-10,-4.535135822436587e-09,1.4577222984257789e-08,1.9436297016284243e-09,1.8140543289746347e-08,-7.774518806513697e-09,-1.2957531714263835e-09,0.4925962388515472,0.549144446849823,0.6656341552734375,0.6826749444007874,0.5849937200546265,0.5643110871315002,0.5053801536560059,0.4075723588466644,0.3345563411712646,0.3925877511501312,0.3921962082386017,0.4425674080848694,16.75419419320757,12.74221873048702,14.407165130740257,14.598886421190016,15.148019378137038,16.03217918955678,64.29482117399107,-1.1661778209770546e-08,5.183012685705535e-09,-7.774518806513697e-09,-1.1985716419360417e-08,7.774518806513697e-09,6.478765524065011e-09,-2.5915063428527674e-09,-5.183012685705535e-09,5.183012685705535e-09,5.183012685705535e-09
4.wav,3172.6420557776164,,-9.35654309586198e-09,-4.158463795533862e-09,0.0,9.010004298204422e-09,1.3168468093738284e-08,2.772309048992838e-09,-2.772309048992838e-09,-5.544618097985676e-09,0.0,-4.158463795533862e-09,0.6757710576057434,0.4877758026123047,0.4233182072639465,0.5231581926345825,0.5323274731636047,0.6096407175064087,0.5510104894638062,0.3361340165138244,0.3350718021392822,0.4349303245544433,0.392265111207962,0.5504657626152039,18.53755966765344,14.0764539155652,13.629141415620053,14.818495669604893,15.655392051258149,16.030879448858983,61.21354652492917,-1.0396159488834655e-09,-1.0396158600656236e-08,-2.8589437484072278e-09,6.237695249211583e-09,8.316927591067724e-09,8.316927591067724e-09,-5.544618097985676e-09,1.38615456890534e-08,0.0,-1.940616378703908e-08
40.wav,2036.0014816810344,,2.8774655547181293e-08,-1.8497992471111505e-08,3.339915455313757e-09,-8.22133028322014e-09,-1.091895462934644e-09,8.22133028322014e-09,0.0,8.22133028322014e-09,7.193663886795321e-09,3.6610612319520876e-09,0.5939655900001526,0.4472097754478454,0.4200026392936706,0.3828396201133728,0.3830300271511078,0.3540960848331451,0.3474061787128448,0.3717227578163147,0.4815702736377716,0.5213866829872131,0.6222439408302307,0.676761269569397,22.387001683787098,15.16099762851705,15.42146998714366,15.27743956791988,16.290150527520357,19.2239114052424,50.17521631794328,1.2974286534017665e-08,-5.6521645142026955e-09,1.2845828400998016e-08,-1.9525659311625532e-08,2.055332570805035e-09,-6.1659979344597105e-09,3.0829989672298552e-09,-1.4387327773590641e-08,-1.9525659311625532e-08,8.735163703477156e-09
41.wav,2160.4801025390625,,0.0,9.536742950899681e-09,0.0,-9.536742950899681e-09,4.7683714754498405e-09,-2.9802322831784522e-09,-2.38418573772492e-09,2.9802322831784522e-09,0.0,7.1525572131747595e-09,0.1671213209629058,0.1751412451267242,0.2312244921922683,0.3130035698413849,0.3445371687412262,0.3899781107902527,0.4043050110340118,0.3797953426837921,0.2361130863428115,0.137215569615364,0.1681352108716964,0.2101539224386215,20.91053397021321,22.00393207035328,22.27158841067496,18.75927831577461,24.86792309378364,23.175756470212765,56.30839528231374,9.536742950899681e-09,0.0,0.0,9.536742950899681e-09,9.536742950899681e-09,-4.7683714754498405e-09,-7.1525572131747595e-09,8.344650304081824e-09,0.0,-4.7683714754498405e-09
42.wav,3177.797182144657,,9.613652096618353e-09,-1.92273041932367e-09,4.566484967938322e-09,6.729556467632847e-09,-1.201706512077294e-09,7.931263645843956e-09,-2.61371169152369e-09,-3.845460838647341e-09,-1.4420478144927529e-08,8.652286886956517e-09,0.4298818707466125,0.3658615052700043,0.3749605119228363,0.2867626845836639,0.2376256585121154,0.424395889043808,0.4395847022533417,0.485635370016098,0.5142285227775574,0.5313683748245239,0.3677228093147278,0.3754208087921142,20.107626882607487,14.149529350906397,20.22120492706116,19.03952318153074,22.72360438754865,22.28323572668482,58.78322453771757,-4.806826048309176e-09,3.0042662801932336e-10,9.613652096618353e-09,7.690921677294682e-09,1.4901161193847656e-08,-2.884095628985505e-09,-1.4420478144927527e-09,2.884095628985505e-09,-1.9227304193236705e-08,-5.527850177600158e-09
43.wav,2872.3867977366726,,0.0,3.506155588084425e-09,0.0,1.40246223523377e-08,1.753077860655594e-08,-3.506155588084425e-09,-7.0123111761688506e-09,0.0,0.0,-1.577770092353603e-08,0.4346999228000641,0.4060448408126831,0.383136123418808,0.3542779088020324,0.3101640343666076,0.4541788399219513,0.3267151713371277,0.3635502159595489,0.3956865668296814,0.4338602721691131,0.4237802624702453,0.4230671226978302,19.256522691719784,17.463015728602638,17.847446445535137,16.972970634077477,21.39963497300129,23.220616463284724,62.130537524719145,0.0,0.0,1.40246223523377e-08,4.382694651638985e-09,1.40246223523377e-08,7.0123111761688506e-09,-8.76538930327797e-09,-7.0123111761688506e-09,-1.40246223523377e-08,-3.506155588084425e-09
44.wav,2848.0754983836205,,1.0961773710960188e-08,0.0,2.740443427740047e-09,0.0,0.0,5.480886855480094e-09,-5.480886855480094e-09,2.055332570805035e-09,0.0,5.480886855480094e-09,0.3586594760417938,0.3625681400299072,0.4004715085029602,0.3676961064338684,0.3691036701202392,0.4297011792659759,0.4617858231067657,0.3354170024394989,0.3897775113582611,0.4082249104976654,0.3265154361724853,0.3363991379737854,25.342377246729747,16.452221537299895,17.374500528167008,18.010065662159356,19.33079505221766,20.119789597791456,63.376347633850806,5.480886855480094e-09,-2.740443427740047e-09,0.0,9.591552441179374e-09,0.0,-5.480886855480094e-09,-1.0961773710960188e-08,0.0,8.22133028322014e-09,5.480886855480094e-09
45.wav,3115.4151131692665,,6.432879118278834e-09,0.0,1.2865758236557669e-08,-6.432879118278834e-09,0.0,-6.432879118278834e-09,1.92986373548365e-08,-3.216439559139416e-09,3.216439559139416e-09,1.2865758236557669e-08,0.4883237481117248,0.4535241425037384,0.3976167440414428,0.3330238163471222,0.2834017276763916,0.2675642669200897,0.2855130434036255,0.2803836166858673,0.3144558668136596,0.3526348769664764,0.3977409899234772,0.4453969597816467,23.797077942242414,15.49082100465219,17.98296048842808,16.210194879469245,17.57367508803597,18.186289434924504,64.82869814959456,6.432879118278834e-09,0.0,-6.432879118278834e-09,-9.64931867741825e-09,0.0,9.64931867741825e-09,-3.216439559139416e-09,0.0,-1.04534283451585e-08,0.0
46.wav,2777.5645919257613,,-4.840986278509263e-09,-9.681972557018526e-09,4.840986278509263e-09,-7.261479417763894e-09,-2.420493139254632e-08,0.0,0.0,0.0,0.0,-9.681972557018526e-09,0.3390699625015259,0.3059412240982055,0.3366498351097107,0.3869814276695251,0.4423647224903106,0.504952073097229,0.4901305735111236,0.4351082444190979,0.4465529024600982,0.4930257201194763,0.527874231338501,0.4132083058357239,20.08501805285885,14.535599677494831,18.822133991579896,17.02005850639131,16.48753600664452,19.670949352477603,65.38275684051021,-7.866602480532947e-09,-1.936394511403705e-08,9.681972557018526e-09,-4.840986278509263e-09,2.4204931392546314e-09,-4.840986278509263e-09,-7.261479417763894e-09,0.0,9.681972557018526e-09,9.681972557018526e-09
47.wav,3397.3864603599222,,0.0,-1.4843180018431212e-08,-1.4843180018431212e-08,0.0,0.0,-7.421590009215606e-09,-2.9686360036862425e-08,1.4843180018431212e-08,7.421590009215606e-09,0.0,0.3551900088787079,0.4080465137958526,0.3501189649105072,0.2907617390155792,0.2691158056259155,0.4621811211109161,0.5253267288208008,0.3996996283531189,0.3215870261192322,0.3097727596759796,0.319815993309021,0.2965012192726135,20.35365698040069,14.352446998729206,18.000273283615787,16.673659374512937,23.949895656011016,27.122752083130035,66.76417397365223,-7.421590009215606e-09,-7.421590009215606e-09,-1.4843180018431212e-08,0.0,7.421590009215606e-09,-5.566192395889402e-09,9.2769871784526e-09,-1.1132384791778804e-08,7.421590009215606e-09,-7.421590009215606e-09
48.wav,3191.2879943847656,,-9.313225746154783e-10,-2.2351741790771484e-08,-2.2351741790771484e-08,-3.725290298461914e-09,0.0,7.450580596923828e-09,0.0,-6.51925802230835e-09,-9.313225746154784e-09,9.313225746154783e-10,0.5932544469833374,0.4533374905586242,0.5254074931144714,0.6115100383758545,0.3658438622951507,0.4506203234195709,0.6185475587844849,0.5837229490280151,0.4793614447116852,0.4588609337806701,0.5087498426437378,0.6417539715766907,16.49316420691099,11.814855925002416,17.90070297781481,14.476893351349585,15.209210318821183,19.39109818405073,55.96278454533228,-3.725290298461914e-09,-7.450580596923828e-09,0.0,-1.0244548320770264e-08,7.450580596923828e-09,-1.862645149230957e-09,-3.725290298461914e-09,-9.313225746154783e-10,0.0,7.450580596923828e-09
49.wav,2531.208211512653,,-1.4626906352788183e-09,-8.776144255762121e-09,0.0,-4.3880721278810605e-09,-8.776144255762121e-09,0.0,-2.3403050164461092e-08,-5.850762541115273e-09,1.1701525082230546e-08,3.656726699219348e-09,0.3244016468524933,0.33225017786026,0.320640504360199,0.3930721580982208,0.4021642506122589,0.3782447278499603,0.3319297134876251,0.3423683643341064,0.4077680706977844,0.3294061124324798,0.26263228058815,0.2895213961601257,23.395463701738063,17.58392263875919,20.195332399173207,21.322939712415923,20.11541790181674,17.967196947120602,61.39608061247385,-2.925381270557636e-09,-3.6567265881970457e-10,3.291054095910794e-09,8.776144255762121e-09,0.0,5.850762541115273e-09,-1.1701525082230546e-08,5.850762541115273e-09,-5.850762541115273e-09,-2.3403050164461092e-08
5.wav,2853.0234888980262,,1.1851216008551546e-08,-1.394260706888417e-09,-1.1154085655107338e-08,-2.2308171310214675e-08,-1.1154085655107338e-08,0.0,-1.1154085655107338e-08,5.577042827553669e-09,0.0,1.1154085655107338e-08,0.256310760974884,0.3271539807319641,0.5269792675971985,0.4806416928768158,0.3639177083969116,0.3357729315757751,0.3301700949668884,0.3485806882381439,0.3668249547481537,0.3381477892398834,0.3307403326034546,0.3265238404273987,21.99005111024536,16.825562916034038,21.294655258082663,15.51595885969457,18.74869329773389,20.843493337165068,59.60303734337232,-1.6731128482661006e-08,-6.971303534442086e-09,-5.577042827553669e-09,0.0,1.1154085655107338e-08,0.0,-5.577042827553669e-09,0.0,-1.1154085655107338e-08,-8.365564241330503e-09
50.wav,2780.2845348011365,,3.612402821318028e-09,-1.3546510579942606e-08,-5.418604231977042e-09,5.719637652390475e-09,4.214469662144893e-09,-1.2041342367652419e-09,9.332040029619293e-09,-1.5051677237920558e-08,-3.612402821318028e-09,3.414849514271623e-09,0.3563728034496307,0.4891862869262695,0.4644429087638855,0.3438725769519806,0.3321100771427154,0.4001902639865875,0.3635355234146118,0.2555336356163025,0.2337807714939117,0.2870112657546997,0.313172847032547,0.3259768486022949,20.124756693382704,17.168731202978087,19.568819657893908,16.266170156956353,22.843905635358464,24.829012761751947,61.97196033987199,2.4082684735304838e-09,7.149547176510396e-09,5.418604231977042e-09,7.224805642636056e-09,1.2041342145607814e-08,8.729973188792428e-09,-8.27842294714997e-10,1.1439275304780953e-08,-1.2041342367652419e-09,8.428939324289786e-09
6.wav,2456.6246761149496,,-9.58466639389144e-09,-4.7923331969457195e-09,1.916933278778288e-08,0.0,4.7923331969457195e-09,4.7923331969457195e-09,-9.58466639389144e-09,-1.916933278778288e-08,-9.58466639389144e-09,0.0,0.3653154969215393,0.3822858929634094,0.4300998449325561,0.3924617171287536,0.3046557605266571,0.3262442052364349,0.3276775777339935,0.3162325322628021,0.1418191790580749,0.1298795342445373,0.1966353803873062,0.2952999174594879,22.863900478182806,18.029468153400963,20.885467244878782,19.16770744574922,22.574278205938565,21.99785245986531,56.266466912144224,-1.1980833214408904e-08,2.8754000069852736e-08,0.0,-1.916933278778288e-08,-1.4377000034926368e-08,0.0,-9.58466639389144e-09,1.916933278778288e-08,5.990416607204452e-09,0.0
7.wav,2720.323550575658,,7.529007639561769e-09,1.8822519098904422e-09,1.1607220073983626e-08,1.254834680608496e-09,5.019338722433986e-09,-8.78384209812566e-09,-6.27417340304248e-10,-5.6467559517159324e-09,1.8822519098904422e-09,-1.0038677444867972e-08,0.4338427782058716,0.4178834557533264,0.3994703292846679,0.49805948138237,0.383635550737381,0.2505837380886078,0.2135410755872726,0.2004187554121017,0.2134505212306976,0.3255534172058105,0.4183617830276489,0.504824697971344,23.828463211765293,15.881109099903169,18.953233552173987,15.916558862347852,17.154565389210536,18.423919383693327,60.60254407454268,-2.195960524531415e-09,-7.842716476247347e-10,-6.274173180997877e-09,3.2155136331368794e-09,-1.2548346361995756e-08,-1.254834680608496e-09,9.724968386137789e-09,1.5685432952494691e-09,-1.5685432952494691e-09,4.705629774726106e-10
8.wav,3107.8134897592904,,-4.295830358103103e-09,0.0,1.7183321432412413e-08,0.0,-8.591660716206206e-09,2.1479151790515516e-09,0.0,0.0,-8.591660716206206e-09,-8.591660716206206e-09,0.2938604354858398,0.3341877162456512,0.3586329519748688,0.3948113620281219,0.4711735844612121,0.4889149367809295,0.3793646693229675,0.2122245132923126,0.1779046207666397,0.2412257194519043,0.3096964955329895,0.2877232730388641,26.37807967915941,17.806704687333443,19.14341445145836,17.1319560980974,18.759588054529328,18.19482085698275,64.30493642238497,0.0,5.369787725584274e-09,-1.2887491074309313e-08,-8.591660716206206e-09,0.0,0.0,-8.591660716206206e-09,6.443745537154655e-09,-6.443745537154655e-09,1.2887491074309313e-08
9.wav,2750.0481856496713,,1.394260706888417e-09,-1.1154085655107338e-08,-1.1154085655107338e-08,-1.1154085655107338e-08,5.577042827553669e-09,0.0,1.1154085655107338e-08,1.1154085655107338e-08,-5.577042827553669e-09,-1.1154085655107338e-08,0.2924940586090088,0.2787396311759949,0.3302763402462005,0.3652226030826568,0.3873611390590668,0.4427330493927002,0.4336720108985901,0.4586883783340454,0.4531872272491455,0.4549804031848907,0.4147512316703796,0.3174999356269836,19.53157993398933,15.209028743262715,18.77413135479247,16.343317034133904,16.37046225112592,19.04938205203058,64.21264504404292,5.577042827553669e-09,0.0,2.788521413776834e-09,1.1154085655107338e-08,2.788521413776834e-09,0.0,-1.1154085655107338e-08,1.1154085655107338e-08,-1.3942607068884172e-08,-2.2308171310214675e-08
